1,Amelia,Harris,Female,27
2,Fiona,Anderson,Female,40
3,Richard,Richards,Male,24
4,Kelsey,Williams,Female,15
5,Fiona,Cunningham,Female,49
6,Adam,Ryan,Male,14
7,Evelyn,Wells,Female,23
8,Caroline,Payne,Female,5
9,Aiden,Owens,Male,44
10,Brad,Ryan,Male,2
11,Connie,Warren,Female,7
12,Jordan,Mitchell,Male,38
13,Darcy,Smith,Female,25
14,Sawyer,Ryan,Male,10
15,Cherry,Hill,Female,35
16,Chester,Ross,Male,9
17,Tess,Higgins,Female,20
18,Alexander,Walker,Male,13
19,Savana,Tucker,Female,48
20,Charlie,Perry,Male,37
21,Ned,Barnes,Male,16
22,Julian,Holmes,Male,32
23,Lyndon,Phillips,Male,29
24,William,Crawford,Male,46
25,Chelsea,Murphy,Female,41
26,Savana,Johnson,Female,18
27,Heather,Robinson,Female,50
28,Edward,Harris,Male,39
29,Ted,Hill,Male,21
30,Alan,Edwards,Male,11
31,Owen,Sullivan,Male,12
32,Lenny,Hunt,Male,33
33,Ashton,Ellis,Male,45
34,Lucia,Robinson,Female,22
35,Briony,Spencer,Female,36
36,Kimberly,Cunningham,Female,6
37,Eric,Holmes,Male,8
38,Savana,Higgins,Female,26
39,Amanda,Richards,Female,3
40,Paul,Riley,Male,30
41,Spike,Stevens,Male,34
42,Maria,Gibson,Female,43
43,Haris,Myers,Male,47
44,Gianna,Thomas,Female,17
45,Sarah,Sullivan,Female,31
46,Eric,Warren,Male,1
47,Lydia,Moore,Female,19
48,Jack,Thomas,Male,4
49,Owen,Clark,Male,42
50,Carina,Brown,Female,28